"nom","domaine"
"Developpeur Informatique","IT / Informatique"
"Developpeur Web","IT / Informatique"
"Developpeur Backend","IT / Informatique"
"Developpeur Frontend","IT / Informatique"
"Developpeur Full Stack","IT / Informatique"
"Developpeur Mobile","IT / Informatique"
"Developpeur iOS","IT / Informatique"
"Developpeur Android","IT / Informatique"
"Developpeur Python","IT / Informatique"
"Developpeur Java","IT / Informatique"
"Developpeur C++","IT / Informatique"
"Developpeur C#","IT / Informatique"
"Developpeur PHP","IT / Informatique"
"Developpeur JavaScript","IT / Informatique"
"Developpeur React","IT / Informatique"
"Developpeur Angular","IT / Informatique"
"Developpeur Vue.js","IT / Informatique"
"Developpeur Node.js","IT / Informatique"
"Developpeur .NET","IT / Informatique"
"Developpeur Ruby","IT / Informatique"
"Developpeur Swift","IT / Informatique"
"Developpeur Kotlin","IT / Informatique"
"Developpeur Flutter","IT / Informatique"
"Developpeur Symfony","IT / Informatique"
"Developpeur Laravel","IT / Informatique"
"Developpeur Django","IT / Informatique"
"Developpeur Spring Boot","IT / Informatique"
"Developpeur SAP","IT / Informatique"
"Developpeur ERP","IT / Informatique"
"Dev","IT / Informatique"
"Software Developer","IT / Informatique"
"Software Engineer","IT / Informatique"
"Ingenieur Logiciel","IT / Informatique"
"Architecte Logiciel","IT / Informatique"
"Architecte Applicatif","IT / Informatique"
"Architecte Technique","IT / Informatique"
"Architecte Systeme","IT / Informatique"
"Architecte Entreprise","IT / Informatique"
"Analyste Developpeur","IT / Informatique"
"Analyste Programmeur","IT / Informatique"
"Programmeur","IT / Informatique"
"Lead Developer","IT / Informatique"
"Tech Lead","IT / Informatique"
"Responsable Technique","IT / Informatique"
"Directeur Technique","IT / Informatique"
"CTO","IT / Informatique"
"Chief Technology Officer","IT / Informatique"
"DSI","IT / Informatique"
"Directeur des Systemes d Information","IT / Informatique"
"Responsable SI","IT / Informatique"
"Chef de Projet IT","IT / Informatique"
"Chef de Projet Informatique","IT / Informatique"
"Manager IT","IT / Informatique"
"Ingenieur Systemes d Information","IT / Informatique"
"Analyste Metier","IT / Informatique"
"Business Analyst IT","IT / Informatique"
"Scrum Master","IT / Informatique"
"Product Owner","IT / Informatique"
"Agile Coach","IT / Informatique"
"Testeur Logiciel","IT / Informatique"
"Ingenieur QA","IT / Informatique"
"QA Engineer","IT / Informatique"
"Ingenieur Test","IT / Informatique"
"Responsable Assurance Qualite Logicielle","IT / Informatique"
"Data Scientist","IT / Informatique"
"Data Analyst","IT / Informatique"
"Data Engineer","IT / Informatique"
"Ingenieur Big Data","IT / Informatique"
"Analyste Big Data","IT / Informatique"
"Analyste Donnees","IT / Informatique"
"Business Intelligence Analyst","IT / Informatique"
"Consultant BI","IT / Informatique"
"Ingenieur BI","IT / Informatique"
"Responsable BI","IT / Informatique"
"Ingenieur Machine Learning","IT / Informatique"
"Specialiste Intelligence Artificielle","IT / Informatique"
"Ingenieur IA","IT / Informatique"
"AI Engineer","IT / Informatique"
"ML Engineer","IT / Informatique"
"NLP Engineer","IT / Informatique"
"Computer Vision Engineer","IT / Informatique"
"Ingenieur Vision par Ordinateur","IT / Informatique"
"Chercheur IA","IT / Informatique"
"Scientifique des Donnees","IT / Informatique"
"Ingenieur Cloud","IT / Informatique"
"Architecte Cloud","IT / Informatique"
"Cloud Engineer","IT / Informatique"
"Ingenieur DevOps","IT / Informatique"
"DevOps Engineer","IT / Informatique"
"Site Reliability Engineer","IT / Informatique"
"SRE","IT / Informatique"
"Ingenieur Infrastructure","IT / Informatique"
"Administrateur Systeme","IT / Informatique"
"Administrateur Reseaux","IT / Informatique"
"Administrateur Systeme et Reseaux","IT / Informatique"
"Technicien Systemes et Reseaux","IT / Informatique"
"Technicien Support","IT / Informatique"
"Technicien Informatique","IT / Informatique"
"Support Technique","IT / Informatique"
"Helpdesk","IT / Informatique"
"Help Desk","IT / Informatique"
"Responsable Helpdesk","IT / Informatique"
"Ingenieur Securite Informatique","IT / Informatique"
"Specialiste Cybersecurite","IT / Informatique"
"Expert Cybersecurite","IT / Informatique"
"Ingenieur Cybersecurite","IT / Informatique"
"RSSI","IT / Informatique"
"Responsable Securite des Systemes d Information","IT / Informatique"
"Analyste Securite","IT / Informatique"
"Auditeur Securite Informatique","IT / Informatique"
"Consultant Securite IT","IT / Informatique"
"Penetration Tester","IT / Informatique"
"Ingenieur Systemes Embarques","IT / Informatique"
"Ingenieur IoT","IT / Informatique"
"Ingenieur Firmware","IT / Informatique"
"Webmaster","IT / Informatique"
"Web Designer","IT / Informatique"
"UX Designer","IT / Informatique"
"UI Designer","IT / Informatique"
"UX / UI Designer","IT / Informatique"
"Infographiste","IT / Informatique"
"Community Manager","Arts & Communication"
"Social Media Manager","Arts & Communication"
"Content Manager","Arts & Communication"
"Responsable Marketing Digital","Commerce & Marketing"
"SEO Manager","Commerce & Marketing"
"SEM Specialist","Commerce & Marketing"
"Growth Hacker","Commerce & Marketing"
"Ingenieur Telecommunications","Telecoms & Reseaux"
"Ingenieur Reseaux","Telecoms & Reseaux"
"Ingenieur Reseaux et Telecoms","Telecoms & Reseaux"
"Technicien Telecom","Telecoms & Reseaux"
"Technicien Reseaux","Telecoms & Reseaux"
"Ingenieur Radio","Telecoms & Reseaux"
"Ingenieur Radiocommunication","Telecoms & Reseaux"
"Ingenieur RF","Telecoms & Reseaux"
"Planificateur Reseaux","Telecoms & Reseaux"
"Responsable Reseaux","Telecoms & Reseaux"
"Architecte Reseaux","Telecoms & Reseaux"
"Ingenieur Transmission","Telecoms & Reseaux"
"Ingenieur Fibre Optique","Telecoms & Reseaux"
"Technicien Fibre Optique","Telecoms & Reseaux"
"Ingenieur VoIP","Telecoms & Reseaux"
"Technicien VoIP","Telecoms & Reseaux"
"Ingenieur 4G 5G","Telecoms & Reseaux"
"Ingenieur Core Network","Telecoms & Reseaux"
"Ingenieur Access Network","Telecoms & Reseaux"
"Responsable Infrastructure Telecom","Telecoms & Reseaux"
"Operateur Reseau","Telecoms & Reseaux"
"Technicien Antenne","Telecoms & Reseaux"
"Ingenieur Systeme de Communication","Telecoms & Reseaux"
"Ingenieur Satellite","Telecoms & Reseaux"
"Ingenieur Reseaux Mobiles","Telecoms & Reseaux"
"Ingenieur Electronique","Electronique & Automatique"
"Ingenieur Electronique Industrielle","Electronique & Automatique"
"Technicien Electronique","Electronique & Automatique"
"Ingenieur Automatisme","Electronique & Automatique"
"Technicien Automatisme","Electronique & Automatique"
"Ingenieur Robotique","Electronique & Automatique"
"Technicien Robotique","Electronique & Automatique"
"Ingenieur Systemes Embarques Electronique","Electronique & Automatique"
"Ingenieur Microelectronique","Electronique & Automatique"
"Concepteur Circuits Integres","Electronique & Automatique"
"Ingenieur PCB","Electronique & Automatique"
"Ingenieur Instrumentation","Electronique & Automatique"
"Technicien Instrumentation","Electronique & Automatique"
"Ingenieur de Regulation","Electronique & Automatique"
"Ingenieur Commande Numerique","Electronique & Automatique"
"Programmeur Automate","Electronique & Automatique"
"Technicien Electricite Industrielle","Electronique & Automatique"
"Ingenieur Mecatronique","Electronique & Automatique"
"Technicien Mecatronique","Electronique & Automatique"
"Ingenieur SCADA","Electronique & Automatique"
"Ingenieur Controle Commande","Electronique & Automatique"
"Technicien Controle Commande","Electronique & Automatique"
"Ingenieur Electrique","Electricite & Energie"
"Ingenieur Electrotechnique","Electricite & Energie"
"Ingenieur Energie","Electricite & Energie"
"Ingenieur Energetique","Electricite & Energie"
"Ingenieur Energies Renouvelables","Electricite & Energie"
"Technicien Energie Renouvelable","Electricite & Energie"
"Ingenieur Solaire Photovoltaique","Electricite & Energie"
"Technicien Solaire","Electricite & Energie"
"Ingenieur Eolien","Electricite & Energie"
"Technicien Eolien","Electricite & Energie"
"Ingenieur Hydroelectrique","Electricite & Energie"
"Ingenieur Centrale Thermique","Electricite & Energie"
"Operateur Centrale Electrique","Electricite & Energie"
"Electricien Industriel","Electricite & Energie"
"Electricien Haute Tension","Electricite & Energie"
"Ingenieur Haute Tension","Electricite & Energie"
"Ingenieur Transport Energie","Electricite & Energie"
"Ingenieur Distribution Electrique","Electricite & Energie"
"Technicien Maintenance Electrique","Electricite & Energie"
"Auditeur Energetique","Electricite & Energie"
"Responsable Energie","Electricite & Energie"
"Ingenieur Efficacite Energetique","Electricite & Energie"
"Ingenieur Nucleaire","Electricite & Energie"
"Gestionnaire Reseau Electrique","Electricite & Energie"
"Ingenieur Biomasse","Electricite & Energie"
"Ingenieur Geothermie","Electricite & Energie"
"Controleur Energie","Electricite & Energie"
"Chef de Projet Energies Renouvelables","Electricite & Energie"
"Responsable Centrale Solaire","Electricite & Energie"
"Technicien Centrale Solaire","Electricite & Energie"
"Technicien Exploitation Eolienne","Electricite & Energie"
"Ingenieur Stockage Energie","Electricite & Energie"
"Technicien Electromecanique","Electricite & Energie"
"Ingenieur Electromecanique","Electricite & Energie"
"Conducteur de Travaux Electriques","Electricite & Energie"
"Chef de Chantier Electrique","Electricite & Energie"
"Ingenieur Mecanique","Genie Mecanique & Industriel"
"Ingenieur Genie Mecanique","Genie Mecanique & Industriel"
"Ingenieur Conception Mecanique","Genie Mecanique & Industriel"
"Ingenieur Production","Genie Mecanique & Industriel"
"Ingenieur Methodes","Genie Mecanique & Industriel"
"Ingenieur Industriel","Genie Mecanique & Industriel"
"Ingenieur Genie Industriel","Genie Mecanique & Industriel"
"Ingenieur Operations","Genie Mecanique & Industriel"
"Responsable Production","Genie Mecanique & Industriel"
"Directeur Production","Genie Mecanique & Industriel"
"Chef d Atelier","Genie Mecanique & Industriel"
"Responsable Atelier","Genie Mecanique & Industriel"
"Technicien Mecanique","Genie Mecanique & Industriel"
"Dessinateur Mecanique","Genie Mecanique & Industriel"
"Dessinateur CAO","Genie Mecanique & Industriel"
"Dessinateur DAO","Genie Mecanique & Industriel"
"Ingenieur Bureau d Etudes","Genie Mecanique & Industriel"
"Technicien Bureau d Etudes","Genie Mecanique & Industriel"
"Conducteur Machine","Genie Mecanique & Industriel"
"Operateur Machine","Genie Mecanique & Industriel"
"Tourneur Fraiseur","Genie Mecanique & Industriel"
"Ajusteur Monteur","Genie Mecanique & Industriel"
"Soudeur","Genie Mecanique & Industriel"
"Mecanicien Montage","Genie Mecanique & Industriel"
"Assembleur Mecanique","Genie Mecanique & Industriel"
"Ingenieur Maintenance","Genie Mecanique & Industriel"
"Responsable Maintenance","Genie Mecanique & Industriel"
"Technicien Maintenance Industrielle","Genie Mecanique & Industriel"
"Technicien Maintenance Mecanique","Genie Mecanique & Industriel"
"Technicien de Maintenance","Genie Mecanique & Industriel"
"Ingenieur Fiabilite","Genie Mecanique & Industriel"
"Ingenieur Lean Manufacturing","Genie Mecanique & Industriel"
"Ingenieur Amelioration Continue","Genie Mecanique & Industriel"
"Responsable Amelioration Continue","Genie Mecanique & Industriel"
"Ingenieur Qualite","Genie Mecanique & Industriel"
"Responsable Qualite","Genie Mecanique & Industriel"
"Controleur Qualite","Genie Mecanique & Industriel"
"Technicien Qualite","Genie Mecanique & Industriel"
"Auditeur Qualite","Genie Mecanique & Industriel"
"Ingenieur QHSE","Genie Mecanique & Industriel"
"Responsable QHSE","Genie Mecanique & Industriel"
"Ingenieur HSE","Genie Mecanique & Industriel"
"Responsable HSE","Genie Mecanique & Industriel"
"Technicien HSE","Genie Mecanique & Industriel"
"Ingenieur Planification","Genie Mecanique & Industriel"
"Planificateur Production","Genie Mecanique & Industriel"
"Gestionnaire de Stock","Genie Mecanique & Industriel"
"Ingenieur Logistique","Transport & Logistique"
"Responsable Logistique","Transport & Logistique"
"Coordinateur Logistique","Transport & Logistique"
"Technicien Logistique","Transport & Logistique"
"Responsable Approvisionnement","Transport & Logistique"
"Gestionnaire des Achats","Transport & Logistique"
"Acheteur Industriel","Transport & Logistique"
"Ingenieur Supply Chain","Transport & Logistique"
"Responsable Supply Chain","Transport & Logistique"
"Manager Supply Chain","Transport & Logistique"
"Ingenieur Civil","Genie Civil & BTP"
"Ingenieur Genie Civil","Genie Civil & BTP"
"Architecte","Architecture & Urbanisme"
"Architecte d Interieur","Architecture & Urbanisme"
"Urbaniste","Architecture & Urbanisme"
"Planificateur Urbain","Architecture & Urbanisme"
"Ingenieur Structures","Genie Civil & BTP"
"Ingenieur Fondations","Genie Civil & BTP"
"Ingenieur Geotechnicien","Genie Civil & BTP"
"Ingenieur Routes","Genie Civil & BTP"
"Ingenieur Voirie","Genie Civil & BTP"
"Ingenieur Travaux Publics","Genie Civil & BTP"
"Conducteur de Travaux","Genie Civil & BTP"
"Chef de Chantier","Genie Civil & BTP"
"Controleur de Chantier","Genie Civil & BTP"
"Maitre d Oeuvre","Genie Civil & BTP"
"Coordinateur Chantier","Genie Civil & BTP"
"Ingenieur Batiment","Genie Civil & BTP"
"Technicien Batiment","Genie Civil & BTP"
"Technicien Genie Civil","Genie Civil & BTP"
"Geometre Topographe","Genie Civil & BTP"
"Topographe","Genie Civil & BTP"
"Geometre","Genie Civil & BTP"
"Ingenieur BIM","Genie Civil & BTP"
"Modelisateur BIM","Genie Civil & BTP"
"Coordinateur BIM","Genie Civil & BTP"
"Ingenieur Hydraulique","Genie Civil & BTP"
"Ingenieur Eau et Assainissement","Genie Civil & BTP"
"Ingenieur Assainissement","Genie Civil & BTP"
"Ingenieur VRD","Genie Civil & BTP"
"Macon","Genie Civil & BTP"
"Carreleur","Genie Civil & BTP"
"Peintre Batiment","Genie Civil & BTP"
"Plombier","Genie Civil & BTP"
"Electricien Batiment","Genie Civil & BTP"
"Menuisier","Genie Civil & BTP"
"Charpentier","Genie Civil & BTP"
"Couvreur","Genie Civil & BTP"
"Plaquiste","Genie Civil & BTP"
"Frigoriste","Genie Civil & BTP"
"Climaticien","Genie Civil & BTP"
"Ingenieur CVC","Genie Civil & BTP"
"Ingenieur Plomberie","Genie Civil & BTP"
"Ingenieur Parasismique","Genie Civil & BTP"
"Ingenieur Risques Naturels","Genie Civil & BTP"
"Ingenieur Ponts et Chaussees","Genie Civil & BTP"
"Ingenieur Ouvrages d Art","Genie Civil & BTP"
"Ingenieur Ferroviaire","Genie Civil & BTP"
"Ingenieur Portuaire","Genie Civil & BTP"
"Ingenieur Aeroport","Genie Civil & BTP"
"Responsable Projets Immobiliers","Architecture & Urbanisme"
"Promoteur Immobilier","Architecture & Urbanisme"
"Agent Immobilier","Architecture & Urbanisme"
"Courtier Immobilier","Architecture & Urbanisme"
"Gestionnaire Immobilier","Architecture & Urbanisme"
"Expert Immobilier","Architecture & Urbanisme"
"Syndic de Copropriete","Architecture & Urbanisme"
"Gestionnaire Patrimoine Immobilier","Architecture & Urbanisme"
"Ingenieur Chimiste","Genie Chimique & Materiaux"
"Ingenieur Genie Chimique","Genie Chimique & Materiaux"
"Ingenieur Procedes Chimiques","Genie Chimique & Materiaux"
"Chimiste","Genie Chimique & Materiaux"
"Chimiste Analyste","Genie Chimique & Materiaux"
"Chimiste de Laboratoire","Genie Chimique & Materiaux"
"Ingenieur Materiaux","Genie Chimique & Materiaux"
"Specialiste Materiaux","Genie Chimique & Materiaux"
"Metallurgiste","Genie Chimique & Materiaux"
"Ingenieur Metallurgie","Genie Chimique & Materiaux"
"Ingenieur Polymeres","Genie Chimique & Materiaux"
"Ingenieur Caoutchouc","Genie Chimique & Materiaux"
"Ingenieur Ceramique","Genie Chimique & Materiaux"
"Ingenieur Corrosion","Genie Chimique & Materiaux"
"Ingenieur Traitements de Surface","Genie Chimique & Materiaux"
"Technicien Chimie","Genie Chimique & Materiaux"
"Laborantin","Genie Chimique & Materiaux"
"Technicien Laboratoire Chimie","Genie Chimique & Materiaux"
"Operateur Chimique","Genie Chimique & Materiaux"
"Technicien Controle Qualite Chimie","Genie Chimique & Materiaux"
"Ingenieur Recherche Developpement Chimie","Genie Chimique & Materiaux"
"Ingenieur Formulation","Genie Chimique & Materiaux"
"Ingenieur Catalyse","Genie Chimique & Materiaux"
"Ingenieur Petrochimie","Genie Chimique & Materiaux"
"Ingenieur Phosphate","Genie Chimique & Materiaux"
"Ingenieur Mine","Genie Chimique & Materiaux"
"Ingenieur Minier","Genie Chimique & Materiaux"
"Geologue Minier","Genie Chimique & Materiaux"
"Technicien Mines","Genie Chimique & Materiaux"
"Prospecteur Minier","Genie Chimique & Materiaux"
"Ingenieur Petrolier","Genie Chimique & Materiaux"
"Geologue Petrolier","Genie Chimique & Materiaux"
"Ingenieur Reservoir","Genie Chimique & Materiaux"
"Ingenieur Forage","Genie Chimique & Materiaux"
"Ingenieur Production Petroliere","Genie Chimique & Materiaux"
"Ingenieur Raffinage","Genie Chimique & Materiaux"
"Ingenieur Gaz","Genie Chimique & Materiaux"
"Comptable","Finance & Banque"
"Comptable General","Finance & Banque"
"Comptable Analytique","Finance & Banque"
"Comptable Fournisseurs","Finance & Banque"
"Comptable Clients","Finance & Banque"
"Comptable Tresorerie","Finance & Banque"
"Chef Comptable","Finance & Banque"
"Directeur Financier","Finance & Banque"
"DAF","Finance & Banque"
"Directeur Administratif et Financier","Finance & Banque"
"Responsable Comptable","Finance & Banque"
"Expert Comptable","Finance & Banque"
"Commissaire aux Comptes","Finance & Banque"
"Auditeur Financier","Finance & Banque"
"Auditeur Interne","Finance & Banque"
"Auditeur Externe","Finance & Banque"
"Controleur de Gestion","Finance & Banque"
"Responsable Controle de Gestion","Finance & Banque"
"Analyste Financier","Finance & Banque"
"Analyste Credit","Finance & Banque"
"Analyste Risques","Finance & Banque"
"Gestionnaire Risques","Finance & Banque"
"Risk Manager","Finance & Banque"
"Tresorier","Finance & Banque"
"Gestionnaire Tresorerie","Finance & Banque"
"Responsable Tresorerie","Finance & Banque"
"Trader","Finance & Banque"
"Cambiste","Finance & Banque"
"Analyste Marche","Finance & Banque"
"Gestionnaire Portefeuille","Finance & Banque"
"Asset Manager","Finance & Banque"
"Gestionnaire Fonds","Finance & Banque"
"Analyste Investissement","Finance & Banque"
"Ingenieur Finance","Finance & Banque"
"Conseiller Financier","Finance & Banque"
"Conseiller en Gestion de Patrimoine","Finance & Banque"
"Planificateur Financier","Finance & Banque"
"Banquier","Finance & Banque"
"Charge de Clientele Particuliers","Finance & Banque"
"Charge de Clientele Entreprises","Finance & Banque"
"Directeur d Agence Bancaire","Finance & Banque"
"Responsable Agence","Finance & Banque"
"Charge d Affaires PME","Finance & Banque"
"Charge d Affaires Grandes Entreprises","Finance & Banque"
"Credit Manager","Finance & Banque"
"Responsable Credit","Finance & Banque"
"Analyste Bancaire","Finance & Banque"
"Responsable Conformite","Finance & Banque"
"Compliance Officer","Finance & Banque"
"Responsable AML","Finance & Banque"
"Specialiste Finance Islamique","Finance & Banque"
"Conseiller Finance Participative","Finance & Banque"
"Agent d Assurance","Finance & Banque"
"Courtier Assurance","Finance & Banque"
"Inspecteur Assurance","Finance & Banque"
"Responsable Assurance","Finance & Banque"
"Charge Sinistres","Finance & Banque"
"Expert Sinistres","Finance & Banque"
"Liquidateur Sinistres","Finance & Banque"
"Souscripteur Assurance","Finance & Banque"
"Actuaire","Finance & Banque"
"Gestionnaire Actifs","Finance & Banque"
"Responsable Recouvrement","Finance & Banque"
"Agent de Recouvrement","Finance & Banque"
"Fiscaliste","Finance & Banque"
"Responsable Fiscal","Finance & Banque"
"Conseiller Fiscal","Finance & Banque"
"Juriste Fiscal","Finance & Banque"
"Responsable Budget","Finance & Banque"
"Gestionnaire Budget","Finance & Banque"
"Responsable Reporting","Finance & Banque"
"Responsable Consolidation","Finance & Banque"
"Comptable Consolide","Finance & Banque"
"CFO","Finance & Banque"
"Chief Financial Officer","Finance & Banque"
"Avocat","Droit & Sciences Juridiques"
"Avocat d Affaires","Droit & Sciences Juridiques"
"Avocat Penaliste","Droit & Sciences Juridiques"
"Avocat Droit Social","Droit & Sciences Juridiques"
"Avocat Droit Fiscal","Droit & Sciences Juridiques"
"Avocat Droit des Societes","Droit & Sciences Juridiques"
"Avocat Droit International","Droit & Sciences Juridiques"
"Juriste","Droit & Sciences Juridiques"
"Juriste d Entreprise","Droit & Sciences Juridiques"
"Juriste Droit des Affaires","Droit & Sciences Juridiques"
"Juriste Droit du Travail","Droit & Sciences Juridiques"
"Juriste Contrats","Droit & Sciences Juridiques"
"Juriste Bancaire","Droit & Sciences Juridiques"
"Juriste Droit Immobilier","Droit & Sciences Juridiques"
"Juriste Droit des Societes","Droit & Sciences Juridiques"
"Juriste Compliance","Droit & Sciences Juridiques"
"Responsable Juridique","Droit & Sciences Juridiques"
"Directeur Juridique","Droit & Sciences Juridiques"
"Notaire","Droit & Sciences Juridiques"
"Notaire Assistant","Droit & Sciences Juridiques"
"Clerc de Notaire","Droit & Sciences Juridiques"
"Huissier de Justice","Droit & Sciences Juridiques"
"Magistrat","Droit & Sciences Juridiques"
"Juge","Droit & Sciences Juridiques"
"Procureur","Droit & Sciences Juridiques"
"Greffier","Droit & Sciences Juridiques"
"Inspecteur du Travail","Droit & Sciences Juridiques"
"Conseiller Juridique","Droit & Sciences Juridiques"
"Mediateur Juridique","Droit & Sciences Juridiques"
"Arbitre","Droit & Sciences Juridiques"
"Legiste","Droit & Sciences Juridiques"
"Medecin Legiste","Sante & Medecine"
"Expert Judiciaire","Droit & Sciences Juridiques"
"Medecin Generaliste","Sante & Medecine"
"Medecin Specialiste","Sante & Medecine"
"Cardiologue","Sante & Medecine"
"Dermatologue","Sante & Medecine"
"Neurologue","Sante & Medecine"
"Pediatre","Sante & Medecine"
"Gynecologiste","Sante & Medecine"
"Obstetricien","Sante & Medecine"
"Chirurgien","Sante & Medecine"
"Chirurgien General","Sante & Medecine"
"Chirurgien Orthopediste","Sante & Medecine"
"Chirurgien Cardiologue","Sante & Medecine"
"Chirurgien Plasticien","Sante & Medecine"
"Ophtalmologue","Sante & Medecine"
"Oto-rhino-laryngologiste","Sante & Medecine"
"ORL","Sante & Medecine"
"Oncologue","Sante & Medecine"
"Hematologue","Sante & Medecine"
"Nephologue","Sante & Medecine"
"Pneumologue","Sante & Medecine"
"Gastro-enterologue","Sante & Medecine"
"Endocrinologue","Sante & Medecine"
"Rhumatologue","Sante & Medecine"
"Psychiatre","Sante & Medecine"
"Anesthesiste","Sante & Medecine"
"Reanimateur","Sante & Medecine"
"Urgentiste","Sante & Medecine"
"Medecin Urgentiste","Sante & Medecine"
"Medecin Sante Publique","Sante & Medecine"
"Epidemiologiste","Sante & Medecine"
"Pharmacien","Sante & Medecine"
"Pharmacien Hospitalier","Sante & Medecine"
"Pharmacien Officine","Sante & Medecine"
"Preparateur Pharmacie","Sante & Medecine"
"Dentiste","Sante & Medecine"
"Chirurgien Dentiste","Sante & Medecine"
"Orthodontiste","Sante & Medecine"
"Implantologiste","Sante & Medecine"
"Prothesiste Dentaire","Sante & Medecine"
"Infirmier","Sante & Medecine"
"Infirmier de Bloc","Sante & Medecine"
"Infirmier Reanimation","Sante & Medecine"
"Infirmier Urgences","Sante & Medecine"
"Infirmier Psychiatrie","Sante & Medecine"
"Infirmier Pediatrie","Sante & Medecine"
"Infirmier Oncologie","Sante & Medecine"
"Infirmier Chef","Sante & Medecine"
"Aide Soignant","Sante & Medecine"
"Agent de Sante","Sante & Medecine"
"Brancardier","Sante & Medecine"
"Sage Femme","Sante & Medecine"
"Kinesiotherapeute","Sante & Medecine"
"Physiotherapeute","Sante & Medecine"
"Orthophoniste","Sante & Medecine"
"Psychomotricien","Sante & Medecine"
"Ergotherapeute","Sante & Medecine"
"Psychologue Clinique","Sante & Medecine"
"Psychologue de Sante","Sante & Medecine"
"Nutritionniste","Sante & Medecine"
"Dieteticien","Sante & Medecine"
"Optometriste","Sante & Medecine"
"Opticien","Sante & Medecine"
"Laborantin Medical","Sante & Medecine"
"Technicien Laboratoire Medical","Sante & Medecine"
"Biologiste Medical","Sante & Medecine"
"Radiologue","Sante & Medecine"
"Technicien Radiologie","Sante & Medecine"
"Manipulateur Radio","Sante & Medecine"
"Technicien Imagerie Medicale","Sante & Medecine"
"Technologiste Medical","Sante & Medecine"
"Ingenieur Biomedical","Sante & Medecine"
"Technicien Biomedical","Sante & Medecine"
"Responsable Materiovigilance","Sante & Medecine"
"Directeur Hopital","Sante & Medecine"
"Directeur Medical","Sante & Medecine"
"Administrateur Hopital","Sante & Medecine"
"Gestionnaire Etablissement de Sante","Sante & Medecine"
"Medecin du Travail","Sante & Medecine"
"Medecin Scolaire","Sante & Medecine"
"Medecin de Famille","Sante & Medecine"
"Medecin Veterinaire","Agriculture & Agroalimentaire"
"Veterinaire","Agriculture & Agroalimentaire"
"Toxicologue","Sante & Medecine"
"Microbiologiste Medical","Sante & Medecine"
"Virologue","Sante & Medecine"
"Immunologiste","Sante & Medecine"
"Anatomopathologiste","Sante & Medecine"
"Cytologiste","Sante & Medecine"
"Specialiste Maladies Infectieuses","Sante & Medecine"
"Commercial","Commerce & Marketing"
"Representant Commercial","Commerce & Marketing"
"Agent Commercial","Commerce & Marketing"
"Vendeur","Commerce & Marketing"
"Conseiller de Vente","Commerce & Marketing"
"Chef de Ventes","Commerce & Marketing"
"Directeur Commercial","Commerce & Marketing"
"Responsable Ventes","Commerce & Marketing"
"Responsable Zone","Commerce & Marketing"
"Chef de Secteur","Commerce & Marketing"
"Responsable Grands Comptes","Commerce & Marketing"
"Key Account Manager","Commerce & Marketing"
"Ingenieur Commercial","Commerce & Marketing"
"Technico-Commercial","Commerce & Marketing"
"Business Developer","Commerce & Marketing"
"Responsable Developpement Commercial","Commerce & Marketing"
"Business Development Manager","Commerce & Marketing"
"Directeur Business Development","Commerce & Marketing"
"Account Manager","Commerce & Marketing"
"Relationship Manager","Commerce & Marketing"
"Responsable Marketing","Commerce & Marketing"
"Chef Marketing","Commerce & Marketing"
"Directeur Marketing","Commerce & Marketing"
"Chef de Produit","Commerce & Marketing"
"Product Manager","Commerce & Marketing"
"Brand Manager","Commerce & Marketing"
"Category Manager","Commerce & Marketing"
"Trade Marketing Manager","Commerce & Marketing"
"Specialiste SEO","IT / Informatique"
"Specialiste SEM","IT / Informatique"
"Content Creator","Arts & Communication"
"Influenceur","Arts & Communication"
"Gestionnaire E-commerce","Commerce & Marketing"
"Responsable E-commerce","Commerce & Marketing"
"Merchandiser","Commerce & Marketing"
"Visual Merchandiser","Commerce & Marketing"
"Acheteur","Commerce & Marketing"
"Responsable Achats","Commerce & Marketing"
"Category Buyer","Commerce & Marketing"
"Importateur","Commerce & Marketing"
"Exportateur","Commerce & Marketing"
"Responsable Export","Commerce & Marketing"
"Charge d Export","Commerce & Marketing"
"Responsable Import","Commerce & Marketing"
"Charge d Import","Commerce & Marketing"
"Responsable Commerce International","Commerce & Marketing"
"Transitaire","Transport & Logistique"
"Declarant en Douane","Transport & Logistique"
"Responsable Ressources Humaines","Ressources Humaines"
"Directeur Ressources Humaines","Ressources Humaines"
"DRH","Ressources Humaines"
"CHRO","Ressources Humaines"
"Chief Human Resources Officer","Ressources Humaines"
"Charge de Ressources Humaines","Ressources Humaines"
"Gestionnaire RH","Ressources Humaines"
"Administrateur RH","Ressources Humaines"
"Responsable Recrutement","Ressources Humaines"
"Charge de Recrutement","Ressources Humaines"
"Recruteur","Ressources Humaines"
"Chasseur de Tetes","Ressources Humaines"
"Responsable Paie","Ressources Humaines"
"Gestionnaire Paie","Ressources Humaines"
"Charge de Paie","Ressources Humaines"
"Responsable Formation","Ressources Humaines"
"Charge de Formation","Ressources Humaines"
"Responsable Gestion des Competences","Ressources Humaines"
"Responsable GPEC","Ressources Humaines"
"Responsable Mobilite","Ressources Humaines"
"Ingenieur Formation","Ressources Humaines"
"Formateur Interne","Ressources Humaines"
"Responsable Communication Interne","Ressources Humaines"
"Charge Communication Interne","Ressources Humaines"
"Responsable Bien-etre","Ressources Humaines"
"Conseiller Emploi","Ressources Humaines"
"Conseiller Insertion Professionnelle","Ressources Humaines"
"Coach Professionnel","Ressources Humaines"
"Responsable Relations Sociales","Ressources Humaines"
"Delegue du Personnel","Ressources Humaines"
"Psychologue du Travail","Sante & Medecine"
"Ergonome","Ressources Humaines"
"Manager","Management & Entrepreneuriat"
"Responsable","Management & Entrepreneuriat"
"Directeur General","Management & Entrepreneuriat"
"DG","Management & Entrepreneuriat"
"PDG","Management & Entrepreneuriat"
"CEO","Management & Entrepreneuriat"
"Chief Executive Officer","Management & Entrepreneuriat"
"COO","Management & Entrepreneuriat"
"Chief Operating Officer","Management & Entrepreneuriat"
"Directeur d Exploitation","Management & Entrepreneuriat"
"Directeur de Departement","Management & Entrepreneuriat"
"Responsable de Service","Management & Entrepreneuriat"
"Responsable de Division","Management & Entrepreneuriat"
"Responsable de Projet","Management & Entrepreneuriat"
"Chef de Projet","Management & Entrepreneuriat"
"Directeur de Projet","Management & Entrepreneuriat"
"Coordinateur de Projet","Management & Entrepreneuriat"
"Project Manager","Management & Entrepreneuriat"
"Program Manager","Management & Entrepreneuriat"
"PMO","Management & Entrepreneuriat"
"Responsable PMO","Management & Entrepreneuriat"
"Entrepreneur","Management & Entrepreneuriat"
"Fondateur Startup","Management & Entrepreneuriat"
"Co-Fondateur","Management & Entrepreneuriat"
"Gerant","Management & Entrepreneuriat"
"Associe Gerant","Management & Entrepreneuriat"
"Directeur Associe","Management & Entrepreneuriat"
"Consultant en Strategie","Management & Entrepreneuriat"
"Consultant en Management","Management & Entrepreneuriat"
"Conseiller en Gestion","Management & Entrepreneuriat"
"Consultant en Organisation","Management & Entrepreneuriat"
"Consultant Senior","Management & Entrepreneuriat"
"Consultant","Management & Entrepreneuriat"
"Analyste en Strategie","Management & Entrepreneuriat"
"Directeur Strategique","Management & Entrepreneuriat"
"Chief Strategy Officer","Management & Entrepreneuriat"
"Professeur","Education & Enseignement"
"Professeur des Ecoles","Education & Enseignement"
"Instituteur","Education & Enseignement"
"Enseignant","Education & Enseignement"
"Professeur de Mathematiques","Education & Enseignement"
"Enseignant Mathematiques","Education & Enseignement"
"Professeur de Physique Chimie","Education & Enseignement"
"Enseignant Physique Chimie","Education & Enseignement"
"Professeur de Sciences de la Vie et de la Terre","Education & Enseignement"
"Enseignant SVT","Education & Enseignement"
"Professeur d Informatique","Education & Enseignement"
"Enseignant Informatique","Education & Enseignement"
"Professeur de Francais","Education & Enseignement"
"Enseignant Francais","Education & Enseignement"
"Professeur d Arabe","Education & Enseignement"
"Enseignant Arabe","Education & Enseignement"
"Professeur d Anglais","Education & Enseignement"
"Enseignant Anglais","Education & Enseignement"
"Professeur d Espagnol","Education & Enseignement"
"Enseignant Espagnol","Education & Enseignement"
"Professeur d Histoire Geographie","Education & Enseignement"
"Enseignant Histoire Geo","Education & Enseignement"
"Professeur d Education Physique","Education & Enseignement"
"Enseignant EPS","Education & Enseignement"
"Professeur d Economie","Education & Enseignement"
"Enseignant Economie","Education & Enseignement"
"Professeur de Philosophie","Education & Enseignement"
"Enseignant Philosophie","Education & Enseignement"
"Professeur de Technologie","Education & Enseignement"
"Enseignant Technologie","Education & Enseignement"
"Professeur Universitaire","Education & Enseignement"
"Professeur d Universite","Education & Enseignement"
"Maitre de Conferences","Education & Enseignement"
"Maitre Assistant","Education & Enseignement"
"Assistant Universitaire","Education & Enseignement"
"Chercheur","Education & Enseignement"
"Chercheur Scientifique","Sciences & Recherche"
"Chercheur en Informatique","IT / Informatique"
"Chercheur en Sciences","Sciences & Recherche"
"Directeur de These","Education & Enseignement"
"Doctorant","Education & Enseignement"
"Formateur","Education & Enseignement"
"Formateur Professionnel","Education & Enseignement"
"Formateur Technique","Education & Enseignement"
"Conseiller Pedagogique","Education & Enseignement"
"Inspecteur Pedagogique","Education & Enseignement"
"Directeur Pedagogique","Education & Enseignement"
"Responsable Pedagogique","Education & Enseignement"
"Proviseur","Education & Enseignement"
"Directeur Etablissement Scolaire","Education & Enseignement"
"Principal de College","Education & Enseignement"
"Directeur d Ecole","Education & Enseignement"
"Responsable de Formation","Education & Enseignement"
"Coordinateur Pedagogique","Education & Enseignement"
"Educateur","Education & Enseignement"
"Educateur Specialise","Education & Enseignement"
"Moniteur","Education & Enseignement"
"Tuteur","Education & Enseignement"
"Orthopedagogue","Education & Enseignement"
"Mathematicien","Sciences & Recherche"
"Physicien","Sciences & Recherche"
"Chimiste Chercheur","Sciences & Recherche"
"Biologiste Chercheur","Sciences & Recherche"
"Statisticien","Sciences & Recherche"
"Econometricien","Sciences & Recherche"
"Econometriste","Sciences & Recherche"
"Ingenieur de Recherche","Sciences & Recherche"
"Ingenieur R&D","Sciences & Recherche"
"Chercheur Senior","Sciences & Recherche"
"Chercheur Junior","Sciences & Recherche"
"Post-Doctorant","Sciences & Recherche"
"Responsable Laboratoire","Sciences & Recherche"
"Directeur de Recherche","Sciences & Recherche"
"Scientifique","Sciences & Recherche"
"Physicien Chercheur","Sciences & Recherche"
"Mathematicien Chercheur","Sciences & Recherche"
"Biotechnologiste","Sciences & Recherche"
"Biochimiste","Sciences & Recherche"
"Moleculaire Biologiste","Sciences & Recherche"
"Geneticien","Sciences & Recherche"
"Microbiologiste","Sciences & Recherche"
"Ecologue","Environnement & Energie Verte"
"Environnementaliste","Environnement & Energie Verte"
"Geologue","Sciences & Recherche"
"Geophysicien","Sciences & Recherche"
"Hydrogeologue","Sciences & Recherche"
"Oceanographe","Sciences & Recherche"
"Meteorologue","Sciences & Recherche"
"Climatologue","Sciences & Recherche"
"Astronome","Sciences & Recherche"
"Astrophysicien","Sciences & Recherche"
"Biostatisticien","Sciences & Recherche"
"Analyste Statistique","Sciences & Recherche"
"Ingenieur Statistique","Sciences & Recherche"
"Actuaire Chercheur","Sciences & Recherche"
"Ingenieur Agronome","Agriculture & Agroalimentaire"
"Agronome","Agriculture & Agroalimentaire"
"Ingenieur Agricole","Agriculture & Agroalimentaire"
"Technicien Agricole","Agriculture & Agroalimentaire"
"Agent Agricole","Agriculture & Agroalimentaire"
"Conseiller Agricole","Agriculture & Agroalimentaire"
"Agent de Terrain Agricole","Agriculture & Agroalimentaire"
"Chef d Exploitation Agricole","Agriculture & Agroalimentaire"
"Responsable Exploitation Agricole","Agriculture & Agroalimentaire"
"Ingenieur en Horticulture","Agriculture & Agroalimentaire"
"Horticulteur","Agriculture & Agroalimentaire"
"Ingenieur des Eaux et Forets","Agriculture & Agroalimentaire"
"Forestier","Agriculture & Agroalimentaire"
"Ingenieur en Irrigation","Agriculture & Agroalimentaire"
"Ingenieur Hydraulique Agricole","Agriculture & Agroalimentaire"
"Zootechnicien","Agriculture & Agroalimentaire"
"Eleveur","Agriculture & Agroalimentaire"
"Ingenieur Alimentation Animale","Agriculture & Agroalimentaire"
"Ingenieur Pisciculture","Agriculture & Agroalimentaire"
"Ingenieur Aquaculture","Agriculture & Agroalimentaire"
"Biologiste Marin","Agriculture & Agroalimentaire"
"Technologue Alimentaire","Agriculture & Agroalimentaire"
"Ingenieur Agroalimentaire","Agriculture & Agroalimentaire"
"Responsable Production Agroalimentaire","Agriculture & Agroalimentaire"
"Technicien Agroalimentaire","Agriculture & Agroalimentaire"
"Controleur Qualite Agroalimentaire","Agriculture & Agroalimentaire"
"Ingenieur Qualite Alimentaire","Agriculture & Agroalimentaire"
"Responsable Qualite Alimentaire","Agriculture & Agroalimentaire"
"Responsable HACCP","Agriculture & Agroalimentaire"
"Directeur d Usine Agroalimentaire","Agriculture & Agroalimentaire"
"Responsable Fabrication Alimentaire","Agriculture & Agroalimentaire"
"Ingenieur Process Alimentaire","Agriculture & Agroalimentaire"
"Responsable R&D Agroalimentaire","Agriculture & Agroalimentaire"
"Oenologue","Agriculture & Agroalimentaire"
"Frigoriste Alimentaire","Agriculture & Agroalimentaire"
"Agent des Peches Maritimes","Agriculture & Agroalimentaire"
"Ingenieur Halieutique","Agriculture & Agroalimentaire"
"Responsable Sante Animale","Agriculture & Agroalimentaire"
"Responsable Transport","Transport & Logistique"
"Directeur Transport","Transport & Logistique"
"Affretieur","Transport & Logistique"
"Planificateur Transport","Transport & Logistique"
"Chauffeur","Transport & Logistique"
"Chauffeur Poids Lourd","Transport & Logistique"
"Chauffeur Livreur","Transport & Logistique"
"Conducteur Routier","Transport & Logistique"
"Chauffeur Bus","Transport & Logistique"
"Chauffeur Ambulance","Transport & Logistique"
"Pilote","Transport & Logistique"
"Pilote de Ligne","Transport & Logistique"
"Copilote","Transport & Logistique"
"Commandant de Bord","Transport & Logistique"
"Mecanicien Avion","Transport & Logistique"
"Technicien Maintenance Aeronautique","Aeronautique & Spatial"
"Controleur Aerien","Transport & Logistique"
"Hotesse de l Air","Transport & Logistique"
"Steward","Transport & Logistique"
"Agent Escale","Transport & Logistique"
"Agent Handling","Transport & Logistique"
"Capitaine de Navire","Transport & Logistique"
"Officier de Marine","Transport & Logistique"
"Mecanicien Naval","Transport & Logistique"
"Responsable Port","Transport & Logistique"
"Operateur Portuaire","Transport & Logistique"
"Doctorant Logistique","Transport & Logistique"
"Agent de Manutention","Transport & Logistique"
"Manutentionnaire","Transport & Logistique"
"Cariste","Transport & Logistique"
"Magasinier","Transport & Logistique"
"Responsable Entrepot","Transport & Logistique"
"Gestionnaire Entrepot","Transport & Logistique"
"Responsable Douane","Transport & Logistique"
"Declarant Douane","Transport & Logistique"
"Agent Douane","Transport & Logistique"
"Commissionnaire en Douane","Transport & Logistique"
"Responsable Fret","Transport & Logistique"
"Agent de Fret","Transport & Logistique"
"Technicien Ferroviaire","Transport & Logistique"
"Conducteur de Train","Transport & Logistique"
"Gestionnaire de Flotte","Transport & Logistique"
"Responsable Flotte","Transport & Logistique"
"Planificateur Tournees","Transport & Logistique"
"Optimiseur Tournees","Transport & Logistique"
"Ingenieur Planification Logistique","Transport & Logistique"
"Responsable Distribution","Transport & Logistique"
"Livreur","Transport & Logistique"
"Coursier","Transport & Logistique"
"Directeur Hotel","Tourisme & Hotellerie"
"Directeur Hotelier","Tourisme & Hotellerie"
"Responsable Hotel","Tourisme & Hotellerie"
"Responsable Hotelier","Tourisme & Hotellerie"
"Receptionniste Hotel","Tourisme & Hotellerie"
"Concierge","Tourisme & Hotellerie"
"Portier Hotel","Tourisme & Hotellerie"
"Bagagiste","Tourisme & Hotellerie"
"Revenue Manager","Tourisme & Hotellerie"
"Responsable Reservation","Tourisme & Hotellerie"
"Charge de Reservation","Tourisme & Hotellerie"
"Yield Manager","Tourisme & Hotellerie"
"Front Office Manager","Tourisme & Hotellerie"
"Gouvernante","Tourisme & Hotellerie"
"Femme de Chambre","Tourisme & Hotellerie"
"Valet de Chambre","Tourisme & Hotellerie"
"Responsable Housekeeping","Tourisme & Hotellerie"
"Chef Cuisinier","Tourisme & Hotellerie"
"Chef de Cuisine","Tourisme & Hotellerie"
"Cuisinier","Tourisme & Hotellerie"
"Commis de Cuisine","Tourisme & Hotellerie"
"Patissier","Tourisme & Hotellerie"
"Boulanger","Tourisme & Hotellerie"
"Traiteur","Tourisme & Hotellerie"
"Sommelier","Tourisme & Hotellerie"
"Barman","Tourisme & Hotellerie"
"Bartender","Tourisme & Hotellerie"
"Serveur","Tourisme & Hotellerie"
"Serveur Restaurant","Tourisme & Hotellerie"
"Chef de Rang","Tourisme & Hotellerie"
"Maitre d Hotel","Tourisme & Hotellerie"
"Directeur Restauration","Tourisme & Hotellerie"
"Responsable Restauration","Tourisme & Hotellerie"
"Agent de Voyage","Tourisme & Hotellerie"
"Conseiller Voyage","Tourisme & Hotellerie"
"Guide Touristique","Tourisme & Hotellerie"
"Guide Nature","Tourisme & Hotellerie"
"Animateur Touristique","Tourisme & Hotellerie"
"Responsable Agence de Voyage","Tourisme & Hotellerie"
"Directeur Tour Operator","Tourisme & Hotellerie"
"Responsable MICE","Tourisme & Hotellerie"
"Organisateur Evenement","Tourisme & Hotellerie"
"Event Manager","Tourisme & Hotellerie"
"Ingenieur Tourisme","Tourisme & Hotellerie"
"Responsable Marketing Hotelier","Tourisme & Hotellerie"
"Chef de Produit Touristique","Tourisme & Hotellerie"
"Responsable E-reputation Hotel","Tourisme & Hotellerie"
"Responsable Qualite Hotelier","Tourisme & Hotellerie"
"Journaliste","Arts & Communication"
"Reporter","Arts & Communication"
"Redacteur en Chef","Arts & Communication"
"Editorialiste","Arts & Communication"
"Correspondant","Arts & Communication"
"Journaliste Television","Arts & Communication"
"Journaliste Radio","Arts & Communication"
"Journaliste Presse Ecrite","Arts & Communication"
"Journaliste Multimedia","Arts & Communication"
"Photojournaliste","Arts & Communication"
"Photographe","Arts & Communication"
"Cameraman","Arts & Communication"
"Cadreur","Arts & Communication"
"Monteur Video","Arts & Communication"
"Realisateur","Arts & Communication"
"Producteur","Arts & Communication"
"Producteur Television","Arts & Communication"
"Animateur Radio","Arts & Communication"
"Animateur Television","Arts & Communication"
"Presentateur","Arts & Communication"
"Responsable Communication","Arts & Communication"
"Charge de Communication","Arts & Communication"
"Directeur Communication","Arts & Communication"
"Attache de Presse","Arts & Communication"
"Relations Publiques","Arts & Communication"
"Responsable Relations Publiques","Arts & Communication"
"Charge de Relations Publiques","Arts & Communication"
"Copy Writer","Arts & Communication"
"Redacteur Web","Arts & Communication"
"Redacteur Contenu","Arts & Communication"
"Illustrateur","Arts & Communication"
"Graphiste","Arts & Communication"
"Designer Graphique","Arts & Communication"
"Motion Designer","Arts & Communication"
"Animateur 2D 3D","Arts & Communication"
"Modeliste 3D","Arts & Communication"
"Artiste 3D","Arts & Communication"
"Acteur","Arts & Communication"
"Comedien","Arts & Communication"
"Metteur en Scene","Arts & Communication"
"Scenariste","Arts & Communication"
"Compositeur","Arts & Communication"
"Musicien","Arts & Communication"
"Chanteur","Arts & Communication"
"Traducteur","Arts & Communication"
"Interprete","Arts & Communication"
"Traducteur Juridique","Droit & Sciences Juridiques"
"Traducteur Technique","Arts & Communication"
"Linguiste","Arts & Communication"
"Sociologue","Sciences Humaines & Sociales"
"Psychologue","Sciences Humaines & Sociales"
"Anthropologue","Sciences Humaines & Sociales"
"Politologue","Sciences Humaines & Sociales"
"Economiste","Sciences Humaines & Sociales"
"Historien","Sciences Humaines & Sociales"
"Geographe","Sciences Humaines & Sociales"
"Philosophe","Sciences Humaines & Sociales"
"Demographic","Sciences Humaines & Sociales"
"Specialiste Sciences Sociales","Sciences Humaines & Sociales"
"Chercheur Sciences Humaines","Sciences Humaines & Sociales"
"Assistant Social","Sciences Humaines & Sociales"
"Travailleur Social","Sciences Humaines & Sociales"
"Educateur Social","Sciences Humaines & Sociales"
"Animateur Social","Sciences Humaines & Sociales"
"Mediateur Social","Sciences Humaines & Sociales"
"Mediateur Culturel","Sciences Humaines & Sociales"
"Coordinateur Social","Sciences Humaines & Sociales"
"Responsable Association","Sciences Humaines & Sociales"
"Responsable ONG","Sciences Humaines & Sociales"
"Charge de Programmes","Sciences Humaines & Sociales"
"Charge de Projets Sociaux","Sciences Humaines & Sociales"
"Responsable Developpement","Sciences Humaines & Sociales"
"Specialiste Genre","Sciences Humaines & Sociales"
"Specialiste Inclusion","Sciences Humaines & Sociales"
"Chercheur en Economie","Sciences Humaines & Sociales"
"Analyste Economique","Sciences Humaines & Sociales"
"Macroeconomiste","Sciences Humaines & Sociales"
"Microeconomiste","Sciences Humaines & Sociales"
"Specialiste Politiques Publiques","Secteur Public & Administration"
"Conseiller Politique","Sciences Humaines & Sociales"
"Fonctionnaire","Secteur Public & Administration"
"Administrateur Civil","Secteur Public & Administration"
"Inspecteur des Finances","Secteur Public & Administration"
"Controleur des Finances","Secteur Public & Administration"
"Responsable Administratif","Secteur Public & Administration"
"Secretaire General","Secteur Public & Administration"
"Secretaire Administratif","Secteur Public & Administration"
"Secretaire de Direction","Secteur Public & Administration"
"Assistant de Direction","Secteur Public & Administration"
"Charge de Mission","Secteur Public & Administration"
"Conseiller de Minister","Secteur Public & Administration"
"Charge des Affaires Communes","Secteur Public & Administration"
"Responsable Administratif et Financier","Secteur Public & Administration"
"Gestionnaire Administratif","Secteur Public & Administration"
"Responsable Service Administratif","Secteur Public & Administration"
"Chef de Service","Secteur Public & Administration"
"Administrateur Public","Secteur Public & Administration"
"Attachee d Administration","Secteur Public & Administration"
"Ingenieur d Etat","Secteur Public & Administration"
"Ingenieur Principal","Secteur Public & Administration"
"Directeur Regional","Secteur Public & Administration"
"Gouverneur","Secteur Public & Administration"
"Wali","Secteur Public & Administration"
"Caid","Secteur Public & Administration"
"Maire","Secteur Public & Administration"
"Elu Local","Secteur Public & Administration"
"Conseiller Communal","Secteur Public & Administration"
"Ambassadeur","Secteur Public & Administration"
"Consul","Secteur Public & Administration"
"Diplomate","Secteur Public & Administration"
"Attache Diplomatique","Secteur Public & Administration"
"Conseiller Diplomatique","Secteur Public & Administration"
"Responsable Douanes","Secteur Public & Administration"
"Inspecteur des Impots","Secteur Public & Administration"
"Controleur des Impots","Secteur Public & Administration"
"Receveur des Impots","Secteur Public & Administration"
"Inspecteur Tresorie","Secteur Public & Administration"
"Comptable Public","Secteur Public & Administration"
"Directeur des Services Techniques","Secteur Public & Administration"
"Ingenieur Aeronautique","Aeronautique & Spatial"
"Ingenieur Aerospatial","Aeronautique & Spatial"
"Ingenieur Avionique","Aeronautique & Spatial"
"Technicien Aeronautique","Aeronautique & Spatial"
"Technicien Maintenance Avion","Aeronautique & Spatial"
"Controleur Qualite Aeronautique","Aeronautique & Spatial"
"Ingenieur Structure Aeronef","Aeronautique & Spatial"
"Ingenieur Systemes de Vol","Aeronautique & Spatial"
"Ingenieur Moteur Avion","Aeronautique & Spatial"
"Ingenieur Aeroelasticite","Aeronautique & Spatial"
"Specialiste Propulsion","Aeronautique & Spatial"
"Ingenieur Materiau Aeronautique","Aeronautique & Spatial"
"Technicien Avionique","Aeronautique & Spatial"
"Controleur de Vol","Aeronautique & Spatial"
"Responsable Navigabilite","Aeronautique & Spatial"
"Ingenieur Navigabilite","Aeronautique & Spatial"
"Ingenieur Certification Aeronautique","Aeronautique & Spatial"
"Responsable Programme Aeronautique","Aeronautique & Spatial"
"Ingenieur Environnement","Environnement & Energie Verte"
"Responsable Environnement","Environnement & Energie Verte"
"Charge Environnement","Environnement & Energie Verte"
"Ingenieur Genie Environnement","Environnement & Energie Verte"
"Technicien Environnement","Environnement & Energie Verte"
"Specialiste Changement Climatique","Environnement & Energie Verte"
"Expert Developpement Durable","Environnement & Energie Verte"
"Responsable RSE","Environnement & Energie Verte"
"Charge RSE","Environnement & Energie Verte"
"Chef de Projet RSE","Environnement & Energie Verte"
"Consultant Developpement Durable","Environnement & Energie Verte"
"Ingenieur Eau et Environnement","Environnement & Energie Verte"
"Specialiste Gestion des Dechets","Environnement & Energie Verte"
"Responsable Gestion des Dechets","Environnement & Energie Verte"
"Technicien Traitement des Eaux","Environnement & Energie Verte"
"Ingenieur Assainissement Environnement","Environnement & Energie Verte"
"Specialiste Biodiversite","Environnement & Energie Verte"
"Expert Foret et Environnement","Environnement & Energie Verte"
"Responsable Parcs Naturels","Environnement & Energie Verte"
"Ingenieur Certification Environnementale","Environnement & Energie Verte"
"Ingenieur Textile","Industrie Textile & Mode"
"Ingenieur Genie Textile","Industrie Textile & Mode"
"Responsable Production Textile","Industrie Textile & Mode"
"Technicien Textile","Industrie Textile & Mode"
"Controleur Qualite Textile","Industrie Textile & Mode"
"Styliste","Industrie Textile & Mode"
"Styliste Modeliste","Industrie Textile & Mode"
"Modeliste","Industrie Textile & Mode"
"Patronniere","Industrie Textile & Mode"
"Couturier","Industrie Textile & Mode"
"Couturiere","Industrie Textile & Mode"
"Tailleur","Industrie Textile & Mode"
"Brodeur","Industrie Textile & Mode"
"Tisserand","Industrie Textile & Mode"
"Tricoteur","Industrie Textile & Mode"
"Chef Atelier Textile","Industrie Textile & Mode"
"Responsable Atelier Confection","Industrie Textile & Mode"
"Directeur Style","Industrie Textile & Mode"
"Fashion Designer","Industrie Textile & Mode"
"Designer Mode","Industrie Textile & Mode"
"Acheteur Mode","Industrie Textile & Mode"
"Commercial Textile","Industrie Textile & Mode"
"Responsable Collection","Industrie Textile & Mode"
"Chef de Collection","Industrie Textile & Mode"
"Visual Merchandiser Mode","Industrie Textile & Mode"
"Officier de Police","Securite & Defense"
"Inspecteur de Police","Securite & Defense"
"Agent de Police","Securite & Defense"
"Officier de Gendarmerie","Securite & Defense"
"Officier de l Armee","Securite & Defense"
"Agent de Securite","Securite & Defense"
"Garde du Corps","Securite & Defense"
"Responsable Securite","Securite & Defense"
"Chef de Securite","Securite & Defense"
"Directeur de Securite","Securite & Defense"
"Technicien Securite Physique","Securite & Defense"
"Operateur Surveillance","Securite & Defense"
"Technicien Videosurveillance","Securite & Defense"
"Responsable Surete","Securite & Defense"
"Expert Surete","Securite & Defense"
"Entraineur Sportif","Sport & Education Physique"
"Coach Sportif","Sport & Education Physique"
"Educateur Physique","Sport & Education Physique"
"Professeur EPS","Sport & Education Physique"
"Preparateur Physique","Sport & Education Physique"
"Kinesiologue","Sport & Education Physique"
"Responsable Activites Sportives","Sport & Education Physique"
"Directeur Sportif","Sport & Education Physique"
"Manager Sportif","Sport & Education Physique"
"Agent Sportif","Sport & Education Physique"
"Medecin du Sport","Sport & Education Physique"
"Nutritionniste Sportif","Sport & Education Physique"
"Kinesiologue du Sport","Sport & Education Physique"
"Psychologue du Sport","Sport & Education Physique"
"Formateur Sportif","Sport & Education Physique"
"Coordinateur Sportif","Sport & Education Physique"
"Animateur Sportif","Sport & Education Physique"
"Moniteur de Sport","Sport & Education Physique"
"Responsable Infrastructure Sportive","Sport & Education Physique"
"Gestionnaire Salle de Sport","Sport & Education Physique"
"Secretaire","Secteur Public & Administration"
"Secretaire Medicale","Sante & Medecine"
"Assistant Administratif","Secteur Public & Administration"
"Assistant Commercial","Commerce & Marketing"
"Assistant Marketing","Commerce & Marketing"
"Assistant Juridique","Droit & Sciences Juridiques"
"Assistant Comptable","Finance & Banque"
"Assistant Logistique","Transport & Logistique"
"Assistant RH","Ressources Humaines"
"Assistant Chef de Projet","Management & Entrepreneuriat"
"Receptionniste","Secteur Public & Administration"
"Agent d Accueil","Secteur Public & Administration"
"Hotesse d Accueil","Secteur Public & Administration"
"Standardiste","Secteur Public & Administration"
"Teleoperateur","Commerce & Marketing"
"Agent de Centre d Appels","Commerce & Marketing"
"Superviseur Centre d Appels","Commerce & Marketing"
"Responsable Centre d Appels","Commerce & Marketing"
"Directeur Centre d Appels","Commerce & Marketing"
"Agent de Relation Client","Commerce & Marketing"
"Charge de Relation Client","Commerce & Marketing"
"Gestionnaire Relation Client","Commerce & Marketing"
"Responsable Relation Client","Commerce & Marketing"
"Directeur Relation Client","Commerce & Marketing"
"Coordinateur","Management & Entrepreneuriat"
"Gestionnaire","Management & Entrepreneuriat"
"Analyste","Management & Entrepreneuriat"
"Consultant Junior","Management & Entrepreneuriat"
"Expert","Management & Entrepreneuriat"
"Responsable de Zone","Management & Entrepreneuriat"
"Superviseur","Management & Entrepreneuriat"
